{"snapshot_date": "2024-02-01", "model_id": "loan_default_pipeline_4", "psi_score": 0.009186649437705691, "csi_max": 0.061424791934252536, "psi_breach": false, "csi_breach": false, "psi_threshold": 0.25, "csi_threshold": 0.25}