{"snapshot_date": "2024-04-01", "model_id": "loan_default_pipeline_4", "psi_score": 0.025721507994132357, "csi_max": 0.035911658680755916, "psi_breach": false, "csi_breach": false, "psi_threshold": 0.25, "csi_threshold": 0.25}