{"snapshot_date": "2023-12-01", "model_id": "loan_default_pipeline_4", "psi_score": 0.014145920776854785, "csi_max": 0.046818281197782835, "psi_breach": false, "csi_breach": false, "psi_threshold": 0.25, "csi_threshold": 0.25}